Iteration,Current evaluation,Best evaluation,Time Used,Current colours used,Best colours used
1,-3684,-3684,17.37924493290484,73,73
2,-3686,-3686,25.721558400895447,73,73
3,-3688,-3688,33.713242741068825,73,73
4,-3690,-3690,41.06433503003791,73,73
5,-3692,-3692,50.420952915912494,73,73
6,-3696,-3696,58.823267010971904,73,73
7,-3700,-3700,68.18978618597612,73,73
8,-3704,-3704,76.8162905878853,73,73
